{
    "@context": "\/api\/3\/contexts\/PicklistName",
    "@id": "\/api\/3\/picklist_names\/315954aa-906f-405c-989e-66477ecc268b",
    "@type": "PicklistName",
    "name": "IndicatorExpiryStatus",
    "system": false,
    "picklists": [
        {
            "@id": "\/api\/3\/picklists\/de7e9f06-45aa-43e1-b88d-1989a56d9eae",
            "@type": "Picklist",
            "itemValue": "Yes",
            "orderIndex": 0,
            "color": null,
            "icon": null,
            "listName": "\/api\/3\/picklist_names\/315954aa-906f-405c-989e-66477ecc268b",
            "uuid": "de7e9f06-45aa-43e1-b88d-1989a56d9eae",
            "id": 310
        },
        {
            "@id": "\/api\/3\/picklists\/d4ca4a72-7974-4b93-843e-da9efa235c6e",
            "@type": "Picklist",
            "itemValue": "No",
            "orderIndex": 1,
            "color": null,
            "icon": null,
            "listName": "\/api\/3\/picklist_names\/315954aa-906f-405c-989e-66477ecc268b",
            "uuid": "d4ca4a72-7974-4b93-843e-da9efa235c6e",
            "id": 311
        }
    ],
    "uuid": "315954aa-906f-405c-989e-66477ecc268b",
    "id": 47
}