{
    "@context": "\/api\/3\/contexts\/PicklistName",
    "@id": "\/api\/3\/picklist_names\/e6639d57-94a9-432f-a46f-b2b530402077",
    "@type": "PicklistName",
    "name": "IndicatorStatus",
    "system": false,
    "picklists": [
        {
            "@id": "\/api\/3\/picklists\/2f5cff61-fbff-4bb3-96be-302b78a9fb47",
            "@type": "Picklist",
            "itemValue": "TBD",
            "orderIndex": 3,
            "color": null,
            "icon": null,
            "listName": "\/api\/3\/picklist_names\/e6639d57-94a9-432f-a46f-b2b530402077",
            "uuid": "2f5cff61-fbff-4bb3-96be-302b78a9fb47",
            "id": 369
        },
        {
            "@id": "\/api\/3\/picklists\/41a9818a-c283-4d7f-852c-6e275033e3d2",
            "@type": "Picklist",
            "itemValue": "Unblocked",
            "orderIndex": 1,
            "color": null,
            "icon": null,
            "listName": "\/api\/3\/picklist_names\/e6639d57-94a9-432f-a46f-b2b530402077",
            "uuid": "41a9818a-c283-4d7f-852c-6e275033e3d2",
            "id": 367
        },
        {
            "@id": "\/api\/3\/picklists\/4218cb58-4de5-4eff-ad08-185d36ef9bab",
            "@type": "Picklist",
            "itemValue": "Excluded",
            "orderIndex": 2,
            "color": null,
            "icon": null,
            "listName": "\/api\/3\/picklist_names\/e6639d57-94a9-432f-a46f-b2b530402077",
            "uuid": "4218cb58-4de5-4eff-ad08-185d36ef9bab",
            "id": 368
        },
        {
            "@id": "\/api\/3\/picklists\/fa29fe48-f01e-476f-bb33-c910f5795b57",
            "@type": "Picklist",
            "itemValue": "Blocked",
            "orderIndex": 0,
            "color": null,
            "icon": null,
            "listName": "\/api\/3\/picklist_names\/e6639d57-94a9-432f-a46f-b2b530402077",
            "uuid": "fa29fe48-f01e-476f-bb33-c910f5795b57",
            "id": 366
        },
        {
            "@id": "\/api\/3\/picklists\/e4a39098-3e26-4559-a7d8-7ed6ea4d6e31",
            "@type": "Picklist",
            "itemValue": "Isolated",
            "orderIndex": 4,
            "color": null,
            "icon": null,
            "listName": "\/api\/3\/picklist_names\/e6639d57-94a9-432f-a46f-b2b530402077",
            "uuid": "e4a39098-3e26-4559-a7d8-7ed6ea4d6e31",
            "id": 307
        }
    ],
    "uuid": "e6639d57-94a9-432f-a46f-b2b530402077",
    "id": 32
}