{
    "@context": "\/api\/3\/contexts\/PicklistName",
    "@id": "\/api\/3\/picklist_names\/e75ed3c3-9f23-4a43-832b-0daf236209ba",
    "@type": "PicklistName",
    "name": "IndicatorReputation",
    "system": false,
    "picklists": [
        {
            "@id": "\/api\/3\/picklists\/50bfd06c-9aff-4f7d-b6d9-821339e31fe7",
            "@type": "Picklist",
            "itemValue": "Suspicious",
            "orderIndex": 2,
            "color": "#dbc030",
            "icon": null,
            "listName": "\/api\/3\/picklist_names\/e75ed3c3-9f23-4a43-832b-0daf236209ba",
            "uuid": "50bfd06c-9aff-4f7d-b6d9-821339e31fe7",
            "id": 73
        },
        {
            "@id": "\/api\/3\/picklists\/7074e547-7785-4979-be32-c6d0c863e4bd",
            "@type": "Picklist",
            "itemValue": "Malicious",
            "orderIndex": 1,
            "color": "#c42323",
            "icon": null,
            "listName": "\/api\/3\/picklist_names\/e75ed3c3-9f23-4a43-832b-0daf236209ba",
            "uuid": "7074e547-7785-4979-be32-c6d0c863e4bd",
            "id": 109
        },
        {
            "@id": "\/api\/3\/picklists\/9a611980-1b5e-4ae9-8062-eb2c0c433cff",
            "@type": "Picklist",
            "itemValue": "No Reputation Available",
            "orderIndex": 4,
            "color": "#6a9169",
            "icon": null,
            "listName": "\/api\/3\/picklist_names\/e75ed3c3-9f23-4a43-832b-0daf236209ba",
            "uuid": "9a611980-1b5e-4ae9-8062-eb2c0c433cff",
            "id": 149
        },
        {
            "@id": "\/api\/3\/picklists\/ae98ebc6-beef-4882-9980-1d88fc6d87cd",
            "@type": "Picklist",
            "itemValue": "TBD",
            "orderIndex": 3,
            "color": "#696969",
            "icon": null,
            "listName": "\/api\/3\/picklist_names\/e75ed3c3-9f23-4a43-832b-0daf236209ba",
            "uuid": "ae98ebc6-beef-4882-9980-1d88fc6d87cd",
            "id": 171
        },
        {
            "@id": "\/api\/3\/picklists\/b19b42aa-aee4-47df-9cda-894537dacb2a",
            "@type": "Picklist",
            "itemValue": "Good",
            "orderIndex": 0,
            "color": "#52c91a",
            "icon": null,
            "listName": "\/api\/3\/picklist_names\/e75ed3c3-9f23-4a43-832b-0daf236209ba",
            "uuid": "b19b42aa-aee4-47df-9cda-894537dacb2a",
            "id": 174
        }
    ],
    "uuid": "e75ed3c3-9f23-4a43-832b-0daf236209ba",
    "id": 26
}