{
    "@context": "\/api\/3\/contexts\/PicklistName",
    "@id": "\/api\/3\/picklist_names\/50ee5bfa-e18f-49ba-8af9-dcca25b0f9c0",
    "@type": "PicklistName",
    "name": "IndicatorType",
    "system": false,
    "picklists": [
        {
            "@id": "\/api\/3\/picklists\/0162241b-f5bf-4917-a150-00e920be47bd",
            "@type": "Picklist",
            "itemValue": "File",
            "orderIndex": 3,
            "color": null,
            "icon": null,
            "listName": "\/api\/3\/picklist_names\/50ee5bfa-e18f-49ba-8af9-dcca25b0f9c0",
            "uuid": "0162241b-f5bf-4917-a150-00e920be47bd",
            "id": 73
        },
        {
            "@id": "\/api\/3\/picklists\/0ca054f2-d923-4992-a4a7-c516e6df281e",
            "@type": "Picklist",
            "itemValue": "FileHash-MD5",
            "orderIndex": 4,
            "color": null,
            "icon": null,
            "listName": "\/api\/3\/picklist_names\/50ee5bfa-e18f-49ba-8af9-dcca25b0f9c0",
            "uuid": "0ca054f2-d923-4992-a4a7-c516e6df281e",
            "id": 74
        },
        {
            "@id": "\/api\/3\/picklists\/143e40b0-e643-468d-b968-a542fc85f08d",
            "@type": "Picklist",
            "itemValue": "FileHash-SHA1",
            "orderIndex": 5,
            "color": null,
            "icon": null,
            "listName": "\/api\/3\/picklist_names\/50ee5bfa-e18f-49ba-8af9-dcca25b0f9c0",
            "uuid": "143e40b0-e643-468d-b968-a542fc85f08d",
            "id": 75
        },
        {
            "@id": "\/api\/3\/picklists\/1c4def41-b578-49a3-9063-8aa46f757c08",
            "@type": "Picklist",
            "itemValue": "Port",
            "orderIndex": 8,
            "color": null,
            "icon": null,
            "listName": "\/api\/3\/picklist_names\/50ee5bfa-e18f-49ba-8af9-dcca25b0f9c0",
            "uuid": "1c4def41-b578-49a3-9063-8aa46f757c08",
            "id": 78
        },
        {
            "@id": "\/api\/3\/picklists\/3272abd8-a1ae-4663-8c47-6d1195e684d9",
            "@type": "Picklist",
            "itemValue": "Host",
            "orderIndex": 2,
            "color": null,
            "icon": null,
            "listName": "\/api\/3\/picklist_names\/50ee5bfa-e18f-49ba-8af9-dcca25b0f9c0",
            "uuid": "3272abd8-a1ae-4663-8c47-6d1195e684d9",
            "id": 72
        },
        {
            "@id": "\/api\/3\/picklists\/353a37b4-3eeb-43ee-aac6-64806422cfec",
            "@type": "Picklist",
            "itemValue": "URL",
            "orderIndex": 10,
            "color": null,
            "icon": null,
            "listName": "\/api\/3\/picklist_names\/50ee5bfa-e18f-49ba-8af9-dcca25b0f9c0",
            "uuid": "353a37b4-3eeb-43ee-aac6-64806422cfec",
            "id": 80
        },
        {
            "@id": "\/api\/3\/picklists\/4ea7b083-a0af-41ea-8d7c-7ace16021722",
            "@type": "Picklist",
            "itemValue": "FileHash-SHA256",
            "orderIndex": 6,
            "color": null,
            "icon": null,
            "listName": "\/api\/3\/picklist_names\/50ee5bfa-e18f-49ba-8af9-dcca25b0f9c0",
            "uuid": "4ea7b083-a0af-41ea-8d7c-7ace16021722",
            "id": 76
        },
        {
            "@id": "\/api\/3\/picklists\/5a5a7d42-be27-4903-858a-19909ebfa1eb",
            "@type": "Picklist",
            "itemValue": "Domain",
            "orderIndex": 0,
            "color": null,
            "icon": null,
            "listName": "\/api\/3\/picklist_names\/50ee5bfa-e18f-49ba-8af9-dcca25b0f9c0",
            "uuid": "5a5a7d42-be27-4903-858a-19909ebfa1eb",
            "id": 70
        },
        {
            "@id": "\/api\/3\/picklists\/80bd55b0-6d88-4beb-bec3-97954f261c4d",
            "@type": "Picklist",
            "itemValue": "Email Address",
            "orderIndex": 1,
            "color": null,
            "icon": null,
            "listName": "\/api\/3\/picklist_names\/50ee5bfa-e18f-49ba-8af9-dcca25b0f9c0",
            "uuid": "80bd55b0-6d88-4beb-bec3-97954f261c4d",
            "id": 71
        },
        {
            "@id": "\/api\/3\/picklists\/9e783ec9-90cd-40bb-afec-976f30055108",
            "@type": "Picklist",
            "itemValue": "Registry",
            "orderIndex": 9,
            "color": null,
            "icon": null,
            "listName": "\/api\/3\/picklist_names\/50ee5bfa-e18f-49ba-8af9-dcca25b0f9c0",
            "uuid": "9e783ec9-90cd-40bb-afec-976f30055108",
            "id": 79
        },
        {
            "@id": "\/api\/3\/picklists\/a6ab7480-a0b1-4917-a6b9-c9b16ddc7e9b",
            "@type": "Picklist",
            "itemValue": "Process",
            "orderIndex": 9,
            "color": null,
            "icon": null,
            "listName": "\/api\/3\/picklist_names\/50ee5bfa-e18f-49ba-8af9-dcca25b0f9c0",
            "uuid": "a6ab7480-a0b1-4917-a6b9-c9b16ddc7e9b",
            "id": 370
        },
        {
            "@id": "\/api\/3\/picklists\/c0beeda4-2c7a-4214-b7e5-53ba1649539c",
            "@type": "Picklist",
            "itemValue": "IP Address",
            "orderIndex": 7,
            "color": null,
            "icon": null,
            "listName": "\/api\/3\/picklist_names\/50ee5bfa-e18f-49ba-8af9-dcca25b0f9c0",
            "uuid": "c0beeda4-2c7a-4214-b7e5-53ba1649539c",
            "id": 77
        },
        {
            "@id": "\/api\/3\/picklists\/e72907c5-2088-4e85-99d0-6c7970a5470e",
            "@type": "Picklist",
            "itemValue": "User",
            "orderIndex": 12,
            "color": null,
            "icon": null,
            "listName": "\/api\/3\/picklist_names\/50ee5bfa-e18f-49ba-8af9-dcca25b0f9c0",
            "uuid": "e72907c5-2088-4e85-99d0-6c7970a5470e",
            "id": 371
        }
    ],
    "uuid": "50ee5bfa-e18f-49ba-8af9-dcca25b0f9c0",
    "id": 23
}