{
    "@context": "\/api\/3\/contexts\/PicklistName",
    "@id": "\/api\/3\/picklist_names\/40f1345f-f679-43c0-9237-5b06edd8385f",
    "@type": "PicklistName",
    "name": "TrafficLightProtocol",
    "system": false,
    "picklists": [
        {
            "@id": "\/api\/3\/picklists\/0472d368-bd15-4f52-a119-d403470cbe43",
            "@type": "Picklist",
            "itemValue": "Red",
            "orderIndex": 0,
            "color": "#FF0000",
            "icon": null,
            "listName": "\/api\/3\/picklist_names\/40f1345f-f679-43c0-9237-5b06edd8385f",
            "uuid": "0472d368-bd15-4f52-a119-d403470cbe43",
            "id": 312
        },
        {
            "@id": "\/api\/3\/picklists\/7bff95b7-6438-4b01-b23a-0fe8cb5b33d3",
            "@type": "Picklist",
            "itemValue": "Amber",
            "orderIndex": 1,
            "color": "#FFBF00",
            "icon": null,
            "listName": "\/api\/3\/picklist_names\/40f1345f-f679-43c0-9237-5b06edd8385f",
            "uuid": "7bff95b7-6438-4b01-b23a-0fe8cb5b33d3",
            "id": 313
        },
        {
            "@id": "\/api\/3\/picklists\/47004ad3-721e-43e0-b729-2ad8ee6441c0",
            "@type": "Picklist",
            "itemValue": "Green",
            "orderIndex": 2,
            "color": "#008000",
            "icon": null,
            "listName": "\/api\/3\/picklist_names\/40f1345f-f679-43c0-9237-5b06edd8385f",
            "uuid": "47004ad3-721e-43e0-b729-2ad8ee6441c0",
            "id": 314
        }
    ],
    "uuid": "40f1345f-f679-43c0-9237-5b06edd8385f",
    "id": 48
}