{
    "@context": "\/api\/3\/contexts\/SystemViewTemplate",
    "@type": "SystemViewTemplate",
    "type": "rows",
    "config": {
        "rows": [
            {
                "columns": [
                    {
                        "widgets": [
                            {
                                "type": "primaryDetail",
                                "config": {
                                    "titleField": "value",
                                    "wid": "f02e2e61-e7ec-44ee-9f31-d8db1aba71db",
                                    "picklistField": "reputation",
                                    "idField": "id",
                                    "picklistFieldReadOnly": false,
                                    "titleFieldReadOnly": true,
                                    "titleFieldLinky": false,
                                    "featuredRelationship": {
                                        "field": null,
                                        "preText": "Under Investigation In",
                                        "query": null,
                                        "statusField": null,
                                        "sort": []
                                    }
                                }
                            },
                            {
                                "type": "editableFormGroup",
                                "config": {
                                    "wid": "f6eb0842-72ea-400f-8762-f7b1b096120a",
                                    "rows": [
                                        {
                                            "columns": [
                                                {
                                                    "fields": [
                                                        {
                                                            "name": "typeofindicator",
                                                            "highlightMode": true,
                                                            "linky": true,
                                                            "readOnly": true
                                                        },
                                                        {
                                                            "name": "indicatorStatus",
                                                            "highlightMode": true,
                                                            "linky": true,
                                                            "readOnly": false
                                                        },
                                                        {
                                                            "name": "file",
                                                            "highlightMode": true,
                                                            "linky": true,
                                                            "readOnly": false
                                                        },
                                                        {
                                                            "name": "country",
                                                            "highlightMode": true,
                                                            "linky": true,
                                                            "readOnly": true
                                                        },
                                                        {
                                                            "name": "tenant",
                                                            "highlightMode": true,
                                                            "linky": true,
                                                            "readOnly": false
                                                        }
                                                    ],
                                                    "style": "col-lg-4"
                                                },
                                                {
                                                    "fields": [
                                                        {
                                                            "name": "createDate",
                                                            "highlightMode": true,
                                                            "linky": true,
                                                            "readOnly": false
                                                        },
                                                        {
                                                            "name": "firstSeen",
                                                            "highlightMode": true,
                                                            "linky": true,
                                                            "readOnly": true
                                                        },
                                                        {
                                                            "name": "lastSeen",
                                                            "highlightMode": true,
                                                            "linky": true,
                                                            "readOnly": true
                                                        }
                                                    ],
                                                    "style": "col-lg-4"
                                                },
                                                {
                                                    "fields": [
                                                        {
                                                            "name": "expiryDate",
                                                            "highlightMode": true,
                                                            "linky": true,
                                                            "readOnly": true
                                                        },
                                                        {
                                                            "name": "expiredStatus",
                                                            "highlightMode": true,
                                                            "linky": true,
                                                            "readOnly": true
                                                        },
                                                        {
                                                            "name": "tlp",
                                                            "highlightMode": true,
                                                            "linky": true,
                                                            "readOnly": true
                                                        }
                                                    ],
                                                    "style": "col-lg-4"
                                                }
                                            ],
                                            "style": "display-inline-block"
                                        }
                                    ]
                                }
                            },
                            {
                                "type": "editableFormGroup",
                                "config": {
                                    "wid": "e21bef62-0352-41de-9caa-820ea1f6b27f",
                                    "rows": [
                                        {
                                            "columns": [
                                                {
                                                    "fields": [
                                                        {
                                                            "name": "description",
                                                            "highlightMode": true,
                                                            "linky": true,
                                                            "readOnly": true
                                                        }
                                                    ]
                                                }
                                            ]
                                        }
                                    ]
                                }
                            },
                            {
                                "type": "editableFormGroup",
                                "config": {
                                    "wid": "9901fcbb-6c7d-49b2-a8a8-747da19bb91f",
                                    "rows": [
                                        {
                                            "columns": [
                                                {
                                                    "fields": [
                                                        {
                                                            "name": "filehashMD5",
                                                            "highlightMode": true,
                                                            "linky": true,
                                                            "readOnly": true
                                                        },
                                                        {
                                                            "name": "filehashSHA1",
                                                            "highlightMode": true,
                                                            "linky": true,
                                                            "readOnly": true
                                                        },
                                                        {
                                                            "name": "filehashSHA256",
                                                            "highlightMode": true,
                                                            "linky": true,
                                                            "readOnly": true
                                                        }
                                                    ]
                                                }
                                            ],
                                            "style": "display-inline-block"
                                        }
                                    ]
                                }
                            },
                            {
                                "type": "tabs",
                                "config": {
                                    "wid": "6e22e8d9-e5d0-4339-a913-2f9634464678",
                                    "tabs": [
                                        {
                                            "title": "Sightings",
                                            "widget": {
                                                "type": "relationship.subtab",
                                                "config": {
                                                    "excludes": [
                                                        "notes",
                                                        "comments",
                                                        "attachments",
                                                        "appliances",
                                                        "companies",
                                                        "connectorresponse",
                                                        "files",
                                                        "people",
                                                        "scans",
                                                        "system_assigned_queues",
                                                        "tasks",
                                                        "vulnerabilities",
                                                        "persons",
                                                        "owners",
                                                        "connectorresponses"
                                                    ],
                                                    "wid": "0a419a62-e410-4176-900e-2fbf46410cae",
                                                    "gridsConfig": {
                                                        "alerts": {
                                                            "columns": [
                                                                "name",
                                                                "type",
                                                                "severity",
                                                                "status",
                                                                "assignedTo"
                                                            ]
                                                        },
                                                        "assets": {
                                                            "columns": [
                                                                "hostname",
                                                                "ip",
                                                                "dateScanned",
                                                                "propertyOf",
                                                                "criticality"
                                                            ]
                                                        },
                                                        "companies": {
                                                            "columns": [
                                                                "name",
                                                                "url",
                                                                "status",
                                                                "type",
                                                                "industry"
                                                            ]
                                                        },
                                                        "people": {
                                                            "columns": [
                                                                "firstname",
                                                                "lastname",
                                                                "title",
                                                                "phoneWork",
                                                                "company"
                                                            ]
                                                        },
                                                        "tasks": {
                                                            "columns": [
                                                                "name",
                                                                "dueDate",
                                                                "priority",
                                                                "status",
                                                                "assignedToPerson"
                                                            ]
                                                        },
                                                        "incidents": {
                                                            "columns": [
                                                                "name",
                                                                "discoveredOn",
                                                                "phase",
                                                                "status",
                                                                "confirmation",
                                                                "severity",
                                                                "category",
                                                                "incidentLead"
                                                            ]
                                                        },
                                                        "vulnerabilities": {
                                                            "columns": [
                                                                "vulnerabilityId",
                                                                "name",
                                                                "severity",
                                                                "cvss",
                                                                "lastSeenDate",
                                                                "status"
                                                            ]
                                                        }
                                                    }
                                                }
                                            },
                                            "show": true,
                                            "icon": "fa fa-bullseye"
                                        },
                                        {
                                            "title": "Audit Log",
                                            "widget": {
                                                "type": "timeline",
                                                "config": {
                                                    "wid": "f29c76b7-95e2-4104-b6fb-056ca2e7386c"
                                                }
                                            },
                                            "show": false,
                                            "icon": "fa fa-eye"
                                        },
                                        {
                                            "title": "Access Control",
                                            "active": 0,
                                            "icon": "icon icon-updates",
                                            "show": false,
                                            "widget": {
                                                "type": "accessControl",
                                                "config": {
                                                    "wid": "24556ddc-364c-464d-8173-fc11d096e034"
                                                }
                                            }
                                        },
                                        {
                                            "title": "File Preview",
                                            "active": 0,
                                            "icon": "fa fa-none",
                                            "widget": {
                                                "type": "editableFormGroup",
                                                "config": {
                                                    "wid": "17e3384a-0046-442f-8966-8b21fc000570",
                                                    "rows": [
                                                        {
                                                            "columns": [
                                                                {
                                                                    "fields": [
                                                                        {
                                                                            "name": "filePreview",
                                                                            "highlightMode": true,
                                                                            "linky": true,
                                                                            "readOnly": false
                                                                        }
                                                                    ]
                                                                }
                                                            ]
                                                        }
                                                    ]
                                                }
                                            }
                                        }
                                    ]
                                }
                            }
                        ],
                        "style": "col-lg-12"
                    }
                ],
                "wid": "95b81d3d-2540-4a11-b97b-8533b94ce483",
                "_collapsed": false
            }
        ],
        "wid": "d3f6b251-3426-43c0-b0e0-d0f565126a27",
        "actionButtons": [
            {
                "id": "\/api\/3\/workflows\/79ebfed2-86ee-404d-b69c-02a448e1144d",
                "name": "Action - IP Address - Block (Indicator)",
                "icon": "fa fa-none"
            },
            {
                "id": "\/api\/3\/workflows\/6f65b91f-4ab7-41f5-b7a0-e0f6fa90827e",
                "name": "Action - IP Address - Unblock (Indicator)",
                "icon": "fa fa-none"
            },
            {
                "id": "\/api\/3\/workflows\/e6fc8076-d1ae-4b59-8784-da2c7a07e4c8",
                "name": "Indicator (Manual Trigger)  > Get Latest Reputation",
                "icon": "fa fa-none"
            }
        ],
        "workspace": {
            "predictions": {
                "enable": false,
                "fields": [],
                "aggs": [],
                "enableWeightRange": false,
                "useSimilarCriteria": true,
                "filter": {
                    "sort": [],
                    "limit": 30,
                    "logic": "AND",
                    "filters": [
                        {
                            "logic": "AND",
                            "filters": [
                                {
                                    "field": "createDate",
                                    "operator": "gt",
                                    "value": "{{getRelativeDate(0,0,-30,\"end\",\"end\",\"end\")}}",
                                    "type": "datetime"
                                }
                            ],
                            "_field": "createDate",
                            "_value": {
                                "differenceType": "days",
                                "differenceValue": -30
                            },
                            "_operator": "gt",
                            "type": "datetime"
                        }
                    ]
                }
            },
            "similarRecords": {
                "enable": true,
                "fields": [
                    {
                        "name": "value",
                        "title": "Value",
                        "type": "text"
                    }
                ],
                "enableWeightRange": false,
                "filter": {
                    "sort": [],
                    "limit": 30,
                    "logic": "AND",
                    "filters": []
                },
                "playbooks": [],
                "mapping": {
                    "title": "value",
                    "subTitle1": "id",
                    "subTitle2": "reputation",
                    "subTitle3": "typeofindicator",
                    "picklistBar": ""
                }
            }
        }
    },
    "uuid": "modules-indicators-detail"
}