{
    "@context": "\/api\/3\/contexts\/StagingModelMetadata",
    "@id": "\/api\/3\/staging_model_metadatas\/67558c20-fe29-4789-b3f7-2e3c9e902c96",
    "@type": "StagingModelMetadata",
    "type": "indicators",
    "parentType": null,
    "tableName": "indicators",
    "ownable": true,
    "userOwnable": false,
    "trackable": true,
    "taggable": true,
    "peerReplicable": true,
    "defaultSort": [],
    "uniqueConstraint": [
        {
            "indicators_unique": {
                "columns": [
                    "typeofindicator",
                    "value",
                    "tenant"
                ]
            }
        }
    ],
    "indexable": true,
    "writable": true,
    "attributes": [
        {
            "@id": "\/api\/3\/attribute_metadatas\/9d2afbb2-c68f-4d03-b96b-af054efd7489",
            "@type": "AttributeMetadata",
            "type": "warrooms",
            "name": "warrooms",
            "length": 0,
            "orderIndex": 32,
            "formType": "manyToMany",
            "dataSource": {
                "model": "warrooms"
            },
            "searchable": false,
            "peerReplicable": true,
            "system": false,
            "encrypted": false,
            "gridColumn": false,
            "collection": true,
            "inversedField": "indicators",
            "ownsRelationship": true,
            "validation": {
                "required": false,
                "minlength": 0,
                "maxlength": 10485761
            },
            "bulkAction": [],
            "dataSourceFilters": [],
            "defaultValue": null,
            "tooltip": "",
            "visibility": true,
            "htmlEscape": false,
            "orphanRemoval": false,
            "readable": true,
            "writeable": true,
            "identifier": false,
            "unique": false,
            "recommend": false,
            "sattrib": "\/api\/3\/staging_model_metadatas\/67558c20-fe29-4789-b3f7-2e3c9e902c96",
            "uuid": "9d2afbb2-c68f-4d03-b96b-af054efd7489",
            "displayName": "{{ warrooms }}",
            "descriptions": {
                "singular": "War Rooms"
            }
        },
        {
            "@id": "\/api\/3\/attribute_metadatas\/866d3bfa-88b5-4cb4-b62d-ad4a696d34fc",
            "@type": "AttributeMetadata",
            "type": "integer",
            "name": "lastSeen",
            "length": 0,
            "orderIndex": 5,
            "formType": "datetime",
            "dataSource": [],
            "searchable": true,
            "peerReplicable": true,
            "system": false,
            "encrypted": false,
            "gridColumn": true,
            "collection": false,
            "inversedField": null,
            "ownsRelationship": false,
            "validation": {
                "maxlength": 10485761,
                "minlength": 0,
                "required": false
            },
            "bulkAction": {
                "allow": false,
                "buttonClass": "btn btn-default btn-sm",
                "buttonIcon": "",
                "buttonText": ""
            },
            "dataSourceFilters": [],
            "defaultValue": null,
            "tooltip": "",
            "visibility": true,
            "htmlEscape": false,
            "orphanRemoval": false,
            "readable": true,
            "writeable": true,
            "identifier": false,
            "unique": false,
            "recommend": false,
            "sattrib": "\/api\/3\/staging_model_metadatas\/67558c20-fe29-4789-b3f7-2e3c9e902c96",
            "uuid": "866d3bfa-88b5-4cb4-b62d-ad4a696d34fc",
            "displayName": "{{ lastSeen }}",
            "descriptions": {
                "singular": "Last Seen"
            }
        },
        {
            "@id": "\/api\/3\/attribute_metadatas\/048a597c-ddbe-4770-a18a-495ce12e115c",
            "@type": "AttributeMetadata",
            "type": "string",
            "name": "filePreview",
            "length": null,
            "orderIndex": 1,
            "formType": "html",
            "dataSource": null,
            "searchable": true,
            "peerReplicable": true,
            "system": false,
            "encrypted": false,
            "gridColumn": false,
            "collection": false,
            "inversedField": null,
            "ownsRelationship": false,
            "validation": {
                "required": false,
                "minlength": 0,
                "maxlength": 10485761
            },
            "bulkAction": {
                "allow": false,
                "buttonText": "",
                "buttonIcon": "",
                "buttonClass": "btn btn-default btn-sm"
            },
            "dataSourceFilters": null,
            "defaultValue": "",
            "tooltip": null,
            "visibility": true,
            "htmlEscape": false,
            "orphanRemoval": null,
            "readable": true,
            "writeable": true,
            "identifier": null,
            "unique": false,
            "recommend": false,
            "sattrib": "\/api\/3\/staging_model_metadatas\/67558c20-fe29-4789-b3f7-2e3c9e902c96",
            "uuid": "048a597c-ddbe-4770-a18a-495ce12e115c",
            "displayName": "{{ filePreview }}",
            "descriptions": {
                "singular": "File Preview"
            }
        },
        {
            "@id": "\/api\/3\/attribute_metadatas\/362c5189-a2b4-41fd-ae18-7ec4f5fdc4e2",
            "@type": "AttributeMetadata",
            "type": "hunt",
            "name": "hunts",
            "length": 0,
            "orderIndex": 9,
            "formType": "manyToMany",
            "dataSource": {
                "model": "hunt"
            },
            "searchable": false,
            "peerReplicable": true,
            "system": false,
            "encrypted": false,
            "gridColumn": false,
            "collection": true,
            "inversedField": "indicators",
            "ownsRelationship": true,
            "validation": {
                "required": false,
                "minlength": 0,
                "maxlength": 10485761,
                "_enableRange": false
            },
            "bulkAction": [],
            "dataSourceFilters": [],
            "defaultValue": null,
            "tooltip": "",
            "visibility": true,
            "htmlEscape": false,
            "orphanRemoval": false,
            "readable": true,
            "writeable": true,
            "identifier": false,
            "unique": false,
            "recommend": false,
            "sattrib": "\/api\/3\/staging_model_metadatas\/67558c20-fe29-4789-b3f7-2e3c9e902c96",
            "uuid": "362c5189-a2b4-41fd-ae18-7ec4f5fdc4e2",
            "displayName": "{{ hunts }}",
            "descriptions": {
                "singular": "Hunts"
            }
        },
        {
            "@id": "\/api\/3\/attribute_metadatas\/9e6374d6-4717-4f70-9d73-6b26323c9e65",
            "@type": "AttributeMetadata",
            "type": "events",
            "name": "events",
            "length": null,
            "orderIndex": 18,
            "formType": "manyToMany",
            "dataSource": {
                "model": "events"
            },
            "searchable": false,
            "peerReplicable": true,
            "system": false,
            "encrypted": false,
            "gridColumn": false,
            "collection": true,
            "inversedField": "indicators",
            "ownsRelationship": false,
            "validation": {
                "maxlength": -1,
                "minlength": 0,
                "required": false
            },
            "bulkAction": {
                "allow": false
            },
            "dataSourceFilters": [],
            "defaultValue": "",
            "tooltip": "",
            "visibility": true,
            "htmlEscape": false,
            "orphanRemoval": false,
            "readable": true,
            "writeable": true,
            "identifier": false,
            "unique": false,
            "recommend": false,
            "sattrib": "\/api\/3\/staging_model_metadatas\/67558c20-fe29-4789-b3f7-2e3c9e902c96",
            "uuid": "9e6374d6-4717-4f70-9d73-6b26323c9e65",
            "displayName": "{{ events }}",
            "descriptions": {
                "singular": "Events"
            }
        },
        {
            "@id": "\/api\/3\/attribute_metadatas\/c9f13054-996d-4c94-93bd-7a73ec1259fe",
            "@type": "AttributeMetadata",
            "type": "alerts",
            "name": "alerts",
            "length": null,
            "orderIndex": 19,
            "formType": "manyToMany",
            "dataSource": {
                "model": "alerts"
            },
            "searchable": false,
            "peerReplicable": true,
            "system": false,
            "encrypted": false,
            "gridColumn": false,
            "collection": true,
            "inversedField": "indicators",
            "ownsRelationship": true,
            "validation": {
                "maxlength": -1,
                "minlength": 0,
                "required": false
            },
            "bulkAction": {
                "allow": false
            },
            "dataSourceFilters": [],
            "defaultValue": "",
            "tooltip": "",
            "visibility": true,
            "htmlEscape": false,
            "orphanRemoval": false,
            "readable": true,
            "writeable": true,
            "identifier": false,
            "unique": false,
            "recommend": false,
            "sattrib": "\/api\/3\/staging_model_metadatas\/67558c20-fe29-4789-b3f7-2e3c9e902c96",
            "uuid": "c9f13054-996d-4c94-93bd-7a73ec1259fe",
            "displayName": "{{ alerts }}",
            "descriptions": {
                "singular": "Alerts"
            }
        },
        {
            "@id": "\/api\/3\/attribute_metadatas\/8773dc8a-2995-438a-a6a4-1ee7d3f3b671",
            "@type": "AttributeMetadata",
            "type": "assets",
            "name": "assets",
            "length": null,
            "orderIndex": 20,
            "formType": "manyToMany",
            "dataSource": {
                "model": "assets"
            },
            "searchable": false,
            "peerReplicable": true,
            "system": false,
            "encrypted": false,
            "gridColumn": false,
            "collection": true,
            "inversedField": "indicators",
            "ownsRelationship": true,
            "validation": {
                "maxlength": -1,
                "minlength": 0,
                "required": false
            },
            "bulkAction": {
                "allow": false
            },
            "dataSourceFilters": [],
            "defaultValue": "",
            "tooltip": "",
            "visibility": true,
            "htmlEscape": false,
            "orphanRemoval": false,
            "readable": true,
            "writeable": true,
            "identifier": false,
            "unique": false,
            "recommend": false,
            "sattrib": "\/api\/3\/staging_model_metadatas\/67558c20-fe29-4789-b3f7-2e3c9e902c96",
            "uuid": "8773dc8a-2995-438a-a6a4-1ee7d3f3b671",
            "displayName": "{{ assets }}",
            "descriptions": {
                "singular": "Assets"
            }
        },
        {
            "@id": "\/api\/3\/attribute_metadatas\/6b092d7f-7d19-4676-b93d-a42a9d5e2699",
            "@type": "AttributeMetadata",
            "type": "companies",
            "name": "companies",
            "length": null,
            "orderIndex": 21,
            "formType": "manyToMany",
            "dataSource": {
                "model": "companies"
            },
            "searchable": false,
            "peerReplicable": true,
            "system": false,
            "encrypted": false,
            "gridColumn": false,
            "collection": true,
            "inversedField": "indicators",
            "ownsRelationship": true,
            "validation": {
                "maxlength": -1,
                "minlength": 0,
                "required": false
            },
            "bulkAction": {
                "allow": false
            },
            "dataSourceFilters": [],
            "defaultValue": "",
            "tooltip": "",
            "visibility": true,
            "htmlEscape": false,
            "orphanRemoval": false,
            "readable": true,
            "writeable": true,
            "identifier": false,
            "unique": false,
            "recommend": false,
            "sattrib": "\/api\/3\/staging_model_metadatas\/67558c20-fe29-4789-b3f7-2e3c9e902c96",
            "uuid": "6b092d7f-7d19-4676-b93d-a42a9d5e2699",
            "displayName": "{{ companies }}",
            "descriptions": {
                "singular": "Companies"
            }
        },
        {
            "@id": "\/api\/3\/attribute_metadatas\/ba693463-ddb7-4633-8fca-4f825790e5c8",
            "@type": "AttributeMetadata",
            "type": "incidents",
            "name": "incidents",
            "length": null,
            "orderIndex": 22,
            "formType": "manyToMany",
            "dataSource": {
                "model": "incidents"
            },
            "searchable": false,
            "peerReplicable": true,
            "system": false,
            "encrypted": false,
            "gridColumn": false,
            "collection": true,
            "inversedField": "indicators",
            "ownsRelationship": false,
            "validation": {
                "maxlength": -1,
                "minlength": 0,
                "required": false
            },
            "bulkAction": {
                "allow": false
            },
            "dataSourceFilters": [],
            "defaultValue": "",
            "tooltip": "",
            "visibility": true,
            "htmlEscape": false,
            "orphanRemoval": false,
            "readable": true,
            "writeable": true,
            "identifier": false,
            "unique": false,
            "recommend": false,
            "sattrib": "\/api\/3\/staging_model_metadatas\/67558c20-fe29-4789-b3f7-2e3c9e902c96",
            "uuid": "ba693463-ddb7-4633-8fca-4f825790e5c8",
            "displayName": "{{ incidents }}",
            "descriptions": {
                "singular": "Incidents"
            }
        },
        {
            "@id": "\/api\/3\/attribute_metadatas\/14f78756-4967-4653-a680-c0faf14b9fd8",
            "@type": "AttributeMetadata",
            "type": "attachments",
            "name": "attachments",
            "length": null,
            "orderIndex": 23,
            "formType": "manyToMany",
            "dataSource": {
                "model": "attachments"
            },
            "searchable": false,
            "peerReplicable": true,
            "system": false,
            "encrypted": false,
            "gridColumn": false,
            "collection": true,
            "inversedField": "indicators",
            "ownsRelationship": true,
            "validation": {
                "maxlength": -1,
                "minlength": 0,
                "required": false
            },
            "bulkAction": {
                "allow": false
            },
            "dataSourceFilters": [],
            "defaultValue": "",
            "tooltip": "",
            "visibility": true,
            "htmlEscape": false,
            "orphanRemoval": false,
            "readable": true,
            "writeable": true,
            "identifier": false,
            "unique": false,
            "recommend": false,
            "sattrib": "\/api\/3\/staging_model_metadatas\/67558c20-fe29-4789-b3f7-2e3c9e902c96",
            "uuid": "14f78756-4967-4653-a680-c0faf14b9fd8",
            "displayName": "{{ attachments }}",
            "descriptions": {
                "singular": "Attachments"
            }
        },
        {
            "@id": "\/api\/3\/attribute_metadatas\/a5652586-c25b-4591-9e83-a2f2e3955948",
            "@type": "AttributeMetadata",
            "type": "notes",
            "name": "notes",
            "length": null,
            "orderIndex": 24,
            "formType": "manyToMany",
            "dataSource": {
                "model": "notes"
            },
            "searchable": false,
            "peerReplicable": true,
            "system": false,
            "encrypted": false,
            "gridColumn": false,
            "collection": true,
            "inversedField": "indicators",
            "ownsRelationship": true,
            "validation": {
                "maxlength": -1,
                "minlength": 0,
                "required": false
            },
            "bulkAction": {
                "allow": false
            },
            "dataSourceFilters": [],
            "defaultValue": "",
            "tooltip": "",
            "visibility": true,
            "htmlEscape": false,
            "orphanRemoval": false,
            "readable": true,
            "writeable": true,
            "identifier": false,
            "unique": false,
            "recommend": false,
            "sattrib": "\/api\/3\/staging_model_metadatas\/67558c20-fe29-4789-b3f7-2e3c9e902c96",
            "uuid": "a5652586-c25b-4591-9e83-a2f2e3955948",
            "displayName": "{{ notes }}",
            "descriptions": {
                "singular": "Notes"
            }
        },
        {
            "@id": "\/api\/3\/attribute_metadatas\/6a570e6e-8664-4abf-80f6-d43774afdf0a",
            "@type": "AttributeMetadata",
            "type": "comments",
            "name": "comments",
            "length": null,
            "orderIndex": 25,
            "formType": "manyToMany",
            "dataSource": {
                "model": "comments"
            },
            "searchable": false,
            "peerReplicable": true,
            "system": false,
            "encrypted": false,
            "gridColumn": false,
            "collection": true,
            "inversedField": "indicators",
            "ownsRelationship": true,
            "validation": {
                "maxlength": -1,
                "minlength": 0,
                "required": false
            },
            "bulkAction": {
                "allow": false
            },
            "dataSourceFilters": [],
            "defaultValue": "",
            "tooltip": "",
            "visibility": true,
            "htmlEscape": false,
            "orphanRemoval": false,
            "readable": true,
            "writeable": true,
            "identifier": false,
            "unique": false,
            "recommend": false,
            "sattrib": "\/api\/3\/staging_model_metadatas\/67558c20-fe29-4789-b3f7-2e3c9e902c96",
            "uuid": "6a570e6e-8664-4abf-80f6-d43774afdf0a",
            "displayName": "{{ comments }}",
            "descriptions": {
                "singular": "Comments"
            }
        },
        {
            "@id": "\/api\/3\/attribute_metadatas\/6f6c584e-ee45-4a96-9a81-4d2751a2f77d",
            "@type": "AttributeMetadata",
            "type": "vulnerabilities",
            "name": "vulnerabilities",
            "length": null,
            "orderIndex": 26,
            "formType": "manyToMany",
            "dataSource": {
                "model": "vulnerabilities"
            },
            "searchable": false,
            "peerReplicable": true,
            "system": false,
            "encrypted": false,
            "gridColumn": false,
            "collection": true,
            "inversedField": "indicators",
            "ownsRelationship": false,
            "validation": {
                "maxlength": -1,
                "minlength": 0,
                "required": false
            },
            "bulkAction": {
                "allow": false
            },
            "dataSourceFilters": [],
            "defaultValue": "",
            "tooltip": "",
            "visibility": true,
            "htmlEscape": false,
            "orphanRemoval": false,
            "readable": true,
            "writeable": true,
            "identifier": false,
            "unique": false,
            "recommend": false,
            "sattrib": "\/api\/3\/staging_model_metadatas\/67558c20-fe29-4789-b3f7-2e3c9e902c96",
            "uuid": "6f6c584e-ee45-4a96-9a81-4d2751a2f77d",
            "displayName": "{{ vulnerabilities }}",
            "descriptions": {
                "singular": "Vulnerabilities"
            }
        },
        {
            "@id": "\/api\/3\/attribute_metadatas\/f8fe88c0-b0a9-40fb-80e5-0ebeeda3675f",
            "@type": "AttributeMetadata",
            "type": "people",
            "name": "persons",
            "length": null,
            "orderIndex": 27,
            "formType": "manyToMany",
            "dataSource": {
                "model": "people"
            },
            "searchable": false,
            "peerReplicable": true,
            "system": false,
            "encrypted": false,
            "gridColumn": false,
            "collection": true,
            "inversedField": "indicators",
            "ownsRelationship": true,
            "validation": {
                "maxlength": -1,
                "minlength": 0,
                "required": false
            },
            "bulkAction": {
                "allow": false
            },
            "dataSourceFilters": [],
            "defaultValue": "",
            "tooltip": "",
            "visibility": true,
            "htmlEscape": false,
            "orphanRemoval": false,
            "readable": true,
            "writeable": true,
            "identifier": false,
            "unique": false,
            "recommend": false,
            "sattrib": "\/api\/3\/staging_model_metadatas\/67558c20-fe29-4789-b3f7-2e3c9e902c96",
            "uuid": "f8fe88c0-b0a9-40fb-80e5-0ebeeda3675f",
            "displayName": "{{ persons }}",
            "descriptions": {
                "singular": "People"
            }
        },
        {
            "@id": "\/api\/3\/attribute_metadatas\/63d837dc-51a1-4ba2-967a-8c54a6660c62",
            "@type": "AttributeMetadata",
            "type": "indicators",
            "name": "indicators",
            "length": 0,
            "orderIndex": 28,
            "formType": "manyToMany",
            "dataSource": {
                "model": "indicators"
            },
            "searchable": false,
            "peerReplicable": true,
            "system": false,
            "encrypted": false,
            "gridColumn": false,
            "collection": true,
            "inversedField": "indicators",
            "ownsRelationship": true,
            "validation": {
                "_enableRange": false,
                "maxlength": 10485761,
                "minlength": 0,
                "required": false
            },
            "bulkAction": [],
            "dataSourceFilters": [],
            "defaultValue": null,
            "tooltip": "",
            "visibility": true,
            "htmlEscape": false,
            "orphanRemoval": false,
            "readable": true,
            "writeable": true,
            "identifier": false,
            "unique": false,
            "recommend": false,
            "sattrib": "\/api\/3\/staging_model_metadatas\/67558c20-fe29-4789-b3f7-2e3c9e902c96",
            "uuid": "63d837dc-51a1-4ba2-967a-8c54a6660c62",
            "displayName": "{{ indicators }}",
            "descriptions": {
                "singular": "Indicators"
            }
        },
        {
            "@id": "\/api\/3\/attribute_metadatas\/7ea41afe-c1e1-48d3-a014-1bcb142187f3",
            "@type": "AttributeMetadata",
            "type": "string",
            "name": "filehashMD5",
            "length": 0,
            "orderIndex": 29,
            "formType": "filehash",
            "dataSource": [],
            "searchable": true,
            "peerReplicable": true,
            "system": false,
            "encrypted": false,
            "gridColumn": false,
            "collection": false,
            "inversedField": null,
            "ownsRelationship": false,
            "validation": {
                "_enableRange": false,
                "maxlength": 10485761,
                "minlength": 0,
                "required": false
            },
            "bulkAction": {
                "allow": false,
                "buttonClass": "btn btn-default btn-sm",
                "buttonIcon": "",
                "buttonText": ""
            },
            "dataSourceFilters": [],
            "defaultValue": null,
            "tooltip": "",
            "visibility": [
                {
                    "filters": [
                        {
                            "_value": {
                                "@id": "\/api\/3\/picklists\/0162241b-f5bf-4917-a150-00e920be47bd",
                                "itemValue": "File"
                            },
                            "field": "typeofindicator",
                            "operator": "eq",
                            "type": "object",
                            "value": "\/api\/3\/picklists\/0162241b-f5bf-4917-a150-00e920be47bd"
                        }
                    ],
                    "limit": 30,
                    "logic": "AND",
                    "sort": []
                }
            ],
            "htmlEscape": false,
            "orphanRemoval": false,
            "readable": true,
            "writeable": true,
            "identifier": false,
            "unique": false,
            "recommend": false,
            "sattrib": "\/api\/3\/staging_model_metadatas\/67558c20-fe29-4789-b3f7-2e3c9e902c96",
            "uuid": "7ea41afe-c1e1-48d3-a014-1bcb142187f3",
            "displayName": "{{ filehashMD5 }}",
            "descriptions": {
                "singular": "FileHash MD5"
            }
        },
        {
            "@id": "\/api\/3\/attribute_metadatas\/5a6bb0b4-8545-457a-a21a-6a7c9b549a4b",
            "@type": "AttributeMetadata",
            "type": "string",
            "name": "filehashSHA1",
            "length": 0,
            "orderIndex": 30,
            "formType": "filehash",
            "dataSource": [],
            "searchable": true,
            "peerReplicable": true,
            "system": false,
            "encrypted": false,
            "gridColumn": false,
            "collection": false,
            "inversedField": null,
            "ownsRelationship": false,
            "validation": {
                "_enableRange": false,
                "maxlength": 10485761,
                "minlength": 0,
                "required": false
            },
            "bulkAction": {
                "allow": false,
                "buttonClass": "btn btn-default btn-sm",
                "buttonIcon": "",
                "buttonText": ""
            },
            "dataSourceFilters": [],
            "defaultValue": null,
            "tooltip": "",
            "visibility": [
                {
                    "filters": [
                        {
                            "_value": {
                                "@id": "\/api\/3\/picklists\/0162241b-f5bf-4917-a150-00e920be47bd",
                                "itemValue": "File"
                            },
                            "field": "typeofindicator",
                            "operator": "eq",
                            "type": "object",
                            "value": "\/api\/3\/picklists\/0162241b-f5bf-4917-a150-00e920be47bd"
                        }
                    ],
                    "limit": 30,
                    "logic": "AND",
                    "sort": []
                }
            ],
            "htmlEscape": false,
            "orphanRemoval": false,
            "readable": true,
            "writeable": true,
            "identifier": false,
            "unique": false,
            "recommend": false,
            "sattrib": "\/api\/3\/staging_model_metadatas\/67558c20-fe29-4789-b3f7-2e3c9e902c96",
            "uuid": "5a6bb0b4-8545-457a-a21a-6a7c9b549a4b",
            "displayName": "{{ filehashSHA1 }}",
            "descriptions": {
                "singular": "FileHash SHA1"
            }
        },
        {
            "@id": "\/api\/3\/attribute_metadatas\/ad9b8761-a471-4a9c-b08e-63414ecc67d9",
            "@type": "AttributeMetadata",
            "type": "string",
            "name": "filehashSHA256",
            "length": 0,
            "orderIndex": 31,
            "formType": "filehash",
            "dataSource": [],
            "searchable": true,
            "peerReplicable": true,
            "system": false,
            "encrypted": false,
            "gridColumn": false,
            "collection": false,
            "inversedField": null,
            "ownsRelationship": false,
            "validation": {
                "_enableRange": false,
                "maxlength": 10485761,
                "minlength": 0,
                "required": false
            },
            "bulkAction": {
                "allow": false,
                "buttonClass": "btn btn-default btn-sm",
                "buttonIcon": "",
                "buttonText": ""
            },
            "dataSourceFilters": [],
            "defaultValue": null,
            "tooltip": "",
            "visibility": [
                {
                    "filters": [
                        {
                            "_value": {
                                "@id": "\/api\/3\/picklists\/0162241b-f5bf-4917-a150-00e920be47bd",
                                "display": "File",
                                "itemValue": "File"
                            },
                            "field": "typeofindicator",
                            "operator": "eq",
                            "type": "object",
                            "value": "\/api\/3\/picklists\/0162241b-f5bf-4917-a150-00e920be47bd"
                        }
                    ],
                    "limit": 30,
                    "logic": "AND",
                    "sort": []
                }
            ],
            "htmlEscape": false,
            "orphanRemoval": false,
            "readable": true,
            "writeable": true,
            "identifier": false,
            "unique": false,
            "recommend": false,
            "sattrib": "\/api\/3\/staging_model_metadatas\/67558c20-fe29-4789-b3f7-2e3c9e902c96",
            "uuid": "ad9b8761-a471-4a9c-b08e-63414ecc67d9",
            "displayName": "{{ filehashSHA256 }}",
            "descriptions": {
                "singular": "FileHash SHA256"
            }
        },
        {
            "@id": "\/api\/3\/attribute_metadatas\/f42784b3-2112-4e8b-8643-5ea9fadaca84",
            "@type": "AttributeMetadata",
            "type": "string",
            "name": "country",
            "length": 0,
            "orderIndex": 33,
            "formType": "richtext",
            "dataSource": [],
            "searchable": true,
            "peerReplicable": true,
            "system": false,
            "encrypted": false,
            "gridColumn": true,
            "collection": false,
            "inversedField": null,
            "ownsRelationship": false,
            "validation": {
                "required": false,
                "minlength": 0,
                "maxlength": 10485761,
                "_enableRange": false
            },
            "bulkAction": {
                "allow": false,
                "buttonText": "",
                "buttonIcon": "",
                "buttonClass": "btn btn-default btn-sm"
            },
            "dataSourceFilters": [],
            "defaultValue": null,
            "tooltip": "",
            "visibility": [
                {
                    "sort": [],
                    "limit": 30,
                    "logic": "OR",
                    "filters": [
                        {
                            "field": "typeofindicator",
                            "operator": "eq",
                            "value": "\/api\/3\/picklists\/c0beeda4-2c7a-4214-b7e5-53ba1649539c",
                            "_value": {
                                "itemValue": "IP Address",
                                "@id": "\/api\/3\/picklists\/c0beeda4-2c7a-4214-b7e5-53ba1649539c"
                            },
                            "type": "object"
                        },
                        {
                            "field": "typeofindicator",
                            "operator": "eq",
                            "value": "\/api\/3\/picklists\/5a5a7d42-be27-4903-858a-19909ebfa1eb",
                            "_value": {
                                "display": "Domain",
                                "itemValue": "Domain",
                                "@id": "\/api\/3\/picklists\/5a5a7d42-be27-4903-858a-19909ebfa1eb"
                            },
                            "type": "object"
                        }
                    ]
                }
            ],
            "htmlEscape": false,
            "orphanRemoval": false,
            "readable": true,
            "writeable": true,
            "identifier": false,
            "unique": false,
            "recommend": false,
            "sattrib": "\/api\/3\/staging_model_metadatas\/67558c20-fe29-4789-b3f7-2e3c9e902c96",
            "uuid": "f42784b3-2112-4e8b-8643-5ea9fadaca84",
            "displayName": "{{ country }}",
            "descriptions": {
                "singular": "Country"
            }
        },
        {
            "@id": "\/api\/3\/attribute_metadatas\/0b6ab23e-74e5-416b-993f-6e06d369b47c",
            "@type": "AttributeMetadata",
            "type": "picklists",
            "name": "typeofindicator",
            "length": null,
            "orderIndex": 11,
            "formType": "picklist",
            "dataSource": {
                "model": "picklists",
                "query": {
                    "logic": "AND",
                    "filters": [
                        {
                            "field": "listName__name",
                            "operator": "eq",
                            "value": "IndicatorType"
                        }
                    ],
                    "sort": [
                        {
                            "field": "orderIndex",
                            "direction": "ASC"
                        }
                    ]
                }
            },
            "searchable": false,
            "peerReplicable": true,
            "system": false,
            "encrypted": false,
            "gridColumn": true,
            "collection": false,
            "inversedField": null,
            "ownsRelationship": false,
            "validation": {
                "required": false,
                "minlength": 0,
                "maxlength": -1
            },
            "bulkAction": {
                "allow": false,
                "buttonText": "",
                "buttonIcon": "",
                "buttonClass": ""
            },
            "dataSourceFilters": [],
            "defaultValue": "",
            "tooltip": "",
            "visibility": true,
            "htmlEscape": false,
            "orphanRemoval": false,
            "readable": true,
            "writeable": true,
            "identifier": false,
            "unique": false,
            "recommend": false,
            "sattrib": "\/api\/3\/staging_model_metadatas\/67558c20-fe29-4789-b3f7-2e3c9e902c96",
            "uuid": "0b6ab23e-74e5-416b-993f-6e06d369b47c",
            "displayName": "{{ typeofindicator }}",
            "descriptions": {
                "singular": "Type"
            }
        },
        {
            "@id": "\/api\/3\/attribute_metadatas\/325af19a-5bb8-46b8-ad21-f591b817a7e9",
            "@type": "AttributeMetadata",
            "type": "string",
            "name": "value",
            "length": 255,
            "orderIndex": 14,
            "formType": "text",
            "dataSource": [],
            "searchable": true,
            "peerReplicable": true,
            "system": false,
            "encrypted": false,
            "gridColumn": true,
            "collection": false,
            "inversedField": null,
            "ownsRelationship": false,
            "validation": {
                "required": [
                    {
                        "limit": 30,
                        "logic": "AND",
                        "filters": [
                            {
                                "field": "typeofindicator",
                                "operator": "neq",
                                "value": "\/api\/3\/picklists\/0162241b-f5bf-4917-a150-00e920be47bd",
                                "_value": {
                                    "display": "File",
                                    "itemValue": "File"
                                },
                                "type": "object"
                            }
                        ]
                    }
                ],
                "minlength": 0,
                "maxlength": 1024
            },
            "bulkAction": {
                "allow": false
            },
            "dataSourceFilters": [],
            "defaultValue": "",
            "tooltip": "",
            "visibility": true,
            "htmlEscape": false,
            "orphanRemoval": false,
            "readable": true,
            "writeable": true,
            "identifier": false,
            "unique": false,
            "recommend": false,
            "sattrib": "\/api\/3\/staging_model_metadatas\/67558c20-fe29-4789-b3f7-2e3c9e902c96",
            "uuid": "325af19a-5bb8-46b8-ad21-f591b817a7e9",
            "displayName": "{{ value }}",
            "descriptions": {
                "singular": "Value"
            }
        },
        {
            "@id": "\/api\/3\/attribute_metadatas\/3f8b6ce0-0b64-45c5-b8f6-64f5d2a8b0f1",
            "@type": "AttributeMetadata",
            "type": "campaigns",
            "name": "campaigns",
            "length": 0,
            "orderIndex": 8,
            "formType": "manyToMany",
            "dataSource": {
                "model": "campaigns"
            },
            "searchable": false,
            "peerReplicable": true,
            "system": false,
            "encrypted": false,
            "gridColumn": false,
            "collection": true,
            "inversedField": "indicators",
            "ownsRelationship": true,
            "validation": {
                "required": false,
                "minlength": 0,
                "maxlength": 10485761,
                "_enableRange": false
            },
            "bulkAction": [],
            "dataSourceFilters": [],
            "defaultValue": null,
            "tooltip": "",
            "visibility": true,
            "htmlEscape": false,
            "orphanRemoval": false,
            "readable": true,
            "writeable": true,
            "identifier": false,
            "unique": false,
            "recommend": false,
            "sattrib": "\/api\/3\/staging_model_metadatas\/67558c20-fe29-4789-b3f7-2e3c9e902c96",
            "uuid": "3f8b6ce0-0b64-45c5-b8f6-64f5d2a8b0f1",
            "displayName": "{{ campaigns }}",
            "descriptions": {
                "singular": "Campaigns"
            }
        },
        {
            "@id": "\/api\/3\/attribute_metadatas\/87c0ffbf-aaba-4954-b3ab-71b0f55df64d",
            "@type": "AttributeMetadata",
            "type": "string",
            "name": "uuid",
            "length": 36,
            "orderIndex": 13,
            "formType": null,
            "dataSource": [],
            "searchable": false,
            "peerReplicable": true,
            "system": true,
            "encrypted": false,
            "gridColumn": false,
            "collection": false,
            "inversedField": null,
            "ownsRelationship": false,
            "validation": {
                "maxlength": 1024,
                "minlength": 0,
                "required": false
            },
            "bulkAction": {
                "allow": false
            },
            "dataSourceFilters": [],
            "defaultValue": "",
            "tooltip": "",
            "visibility": true,
            "htmlEscape": false,
            "orphanRemoval": false,
            "readable": true,
            "writeable": true,
            "identifier": true,
            "unique": false,
            "recommend": false,
            "sattrib": "\/api\/3\/staging_model_metadatas\/67558c20-fe29-4789-b3f7-2e3c9e902c96",
            "uuid": "87c0ffbf-aaba-4954-b3ab-71b0f55df64d",
            "displayName": "{{ uuid }}",
            "descriptions": {
                "singular": "UUID"
            }
        },
        {
            "@id": "\/api\/3\/attribute_metadatas\/10bb6c0d-ced5-4f5e-8492-524eb07079de",
            "@type": "AttributeMetadata",
            "type": "string",
            "name": "sources",
            "length": 1024,
            "orderIndex": 16,
            "formType": "text",
            "dataSource": [],
            "searchable": true,
            "peerReplicable": true,
            "system": false,
            "encrypted": false,
            "gridColumn": true,
            "collection": false,
            "inversedField": null,
            "ownsRelationship": false,
            "validation": {
                "maxlength": 1024,
                "minlength": 0,
                "required": false
            },
            "bulkAction": {
                "allow": false
            },
            "dataSourceFilters": [],
            "defaultValue": "",
            "tooltip": "",
            "visibility": true,
            "htmlEscape": false,
            "orphanRemoval": false,
            "readable": true,
            "writeable": true,
            "identifier": false,
            "unique": false,
            "recommend": false,
            "sattrib": "\/api\/3\/staging_model_metadatas\/67558c20-fe29-4789-b3f7-2e3c9e902c96",
            "uuid": "10bb6c0d-ced5-4f5e-8492-524eb07079de",
            "displayName": "{{ sources }}",
            "descriptions": {
                "singular": "Sources"
            }
        },
        {
            "@id": "\/api\/3\/attribute_metadatas\/0b483e50-d572-4191-93f9-73bee0d49e58",
            "@type": "AttributeMetadata",
            "type": "emails",
            "name": "emails",
            "length": null,
            "orderIndex": 17,
            "formType": "manyToMany",
            "dataSource": {
                "model": "emails"
            },
            "searchable": false,
            "peerReplicable": true,
            "system": false,
            "encrypted": false,
            "gridColumn": false,
            "collection": true,
            "inversedField": "indicators",
            "ownsRelationship": true,
            "validation": {
                "_enableRange": false,
                "maxlength": 10485761,
                "minlength": 0,
                "required": false
            },
            "bulkAction": [],
            "dataSourceFilters": [],
            "defaultValue": "",
            "tooltip": "",
            "visibility": true,
            "htmlEscape": false,
            "orphanRemoval": false,
            "readable": true,
            "writeable": true,
            "identifier": false,
            "unique": false,
            "recommend": false,
            "sattrib": "\/api\/3\/staging_model_metadatas\/67558c20-fe29-4789-b3f7-2e3c9e902c96",
            "uuid": "0b483e50-d572-4191-93f9-73bee0d49e58",
            "displayName": "{{ emails }}",
            "descriptions": {
                "singular": "Emails"
            }
        },
        {
            "@id": "\/api\/3\/attribute_metadatas\/656c38a5-18f9-4107-80fb-afbeb4da5d31",
            "@type": "AttributeMetadata",
            "type": "picklists",
            "name": "reputation",
            "length": null,
            "orderIndex": 12,
            "formType": "picklist",
            "dataSource": {
                "model": "picklists",
                "query": {
                    "filters": [
                        {
                            "field": "listName__name",
                            "operator": "eq",
                            "value": "IndicatorReputation"
                        }
                    ],
                    "logic": "AND",
                    "sort": [
                        {
                            "direction": "ASC",
                            "field": "orderIndex"
                        }
                    ]
                }
            },
            "searchable": false,
            "peerReplicable": true,
            "system": false,
            "encrypted": false,
            "gridColumn": true,
            "collection": false,
            "inversedField": null,
            "ownsRelationship": false,
            "validation": {
                "maxlength": -1,
                "minlength": 0,
                "required": false
            },
            "bulkAction": {
                "allow": true,
                "buttonClass": "btn btn-default btn-sm",
                "buttonIcon": "fa fa-pencil",
                "buttonText": "Update Reputation"
            },
            "dataSourceFilters": [],
            "defaultValue": "",
            "tooltip": "",
            "visibility": true,
            "htmlEscape": false,
            "orphanRemoval": false,
            "readable": true,
            "writeable": true,
            "identifier": false,
            "unique": false,
            "recommend": false,
            "sattrib": "\/api\/3\/staging_model_metadatas\/67558c20-fe29-4789-b3f7-2e3c9e902c96",
            "uuid": "656c38a5-18f9-4107-80fb-afbeb4da5d31",
            "displayName": "{{ reputation }}",
            "descriptions": {
                "singular": "Reputation"
            }
        },
        {
            "@id": "\/api\/3\/attribute_metadatas\/810ff88d-ffed-4324-a0b6-6699d6e59852",
            "@type": "AttributeMetadata",
            "type": "integer",
            "name": "expiryDate",
            "length": null,
            "orderIndex": 4,
            "formType": "datetime",
            "dataSource": null,
            "searchable": true,
            "peerReplicable": false,
            "system": false,
            "encrypted": false,
            "gridColumn": false,
            "collection": false,
            "inversedField": null,
            "ownsRelationship": false,
            "validation": {
                "required": false,
                "minlength": 0,
                "maxlength": 10485761,
                "_enableRange": false
            },
            "bulkAction": {
                "allow": false,
                "buttonText": "",
                "buttonIcon": "",
                "buttonClass": "btn btn-default btn-sm"
            },
            "dataSourceFilters": null,
            "defaultValue": null,
            "tooltip": null,
            "visibility": true,
            "htmlEscape": null,
            "orphanRemoval": null,
            "readable": null,
            "writeable": true,
            "identifier": null,
            "unique": false,
            "recommend": false,
            "sattrib": "\/api\/3\/staging_model_metadatas\/67558c20-fe29-4789-b3f7-2e3c9e902c96",
            "uuid": "810ff88d-ffed-4324-a0b6-6699d6e59852",
            "displayName": "{{ expiryDate }}",
            "descriptions": {
                "singular": "Expires On"
            }
        },
        {
            "@id": "\/api\/3\/attribute_metadatas\/3e141181-a1b7-4690-ba56-b73950cc9d94",
            "@type": "AttributeMetadata",
            "type": "picklists",
            "name": "expiredStatus",
            "length": null,
            "orderIndex": 3,
            "formType": "picklist",
            "dataSource": {
                "model": "picklists",
                "query": {
                    "logic": "AND",
                    "filters": [
                        {
                            "field": "listName__name",
                            "operator": "eq",
                            "value": "IndicatorExpiryStatus"
                        }
                    ],
                    "sort": [
                        {
                            "field": "orderIndex",
                            "direction": "ASC"
                        }
                    ]
                },
                "displayConditions": {
                    "de7e9f06-45aa-43e1-b88d-1989a56d9eae": {
                        "visibility": "visible",
                        "conditions": null
                    },
                    "d4ca4a72-7974-4b93-843e-da9efa235c6e": {
                        "visibility": "visible",
                        "conditions": null
                    }
                }
            },
            "searchable": false,
            "peerReplicable": false,
            "system": false,
            "encrypted": false,
            "gridColumn": false,
            "collection": false,
            "inversedField": null,
            "ownsRelationship": false,
            "validation": {
                "required": false,
                "minlength": 0,
                "maxlength": 10485761,
                "_enableRange": false
            },
            "bulkAction": {
                "allow": true,
                "buttonText": "Change Expiry Status",
                "buttonIcon": "fa fa-clock-o",
                "buttonClass": "btn btn-default btn-sm"
            },
            "dataSourceFilters": null,
            "defaultValue": null,
            "tooltip": null,
            "visibility": true,
            "htmlEscape": null,
            "orphanRemoval": null,
            "readable": null,
            "writeable": true,
            "identifier": null,
            "unique": false,
            "recommend": false,
            "sattrib": "\/api\/3\/staging_model_metadatas\/67558c20-fe29-4789-b3f7-2e3c9e902c96",
            "uuid": "3e141181-a1b7-4690-ba56-b73950cc9d94",
            "displayName": "{{ expiredStatus }}",
            "descriptions": {
                "singular": "Expired"
            }
        },
        {
            "@id": "\/api\/3\/attribute_metadatas\/ca74f201-14ee-4ed0-854f-2591ce64bf35",
            "@type": "AttributeMetadata",
            "type": "picklists",
            "name": "tlp",
            "length": null,
            "orderIndex": 2,
            "formType": "picklist",
            "dataSource": {
                "model": "picklists",
                "query": {
                    "logic": "AND",
                    "filters": [
                        {
                            "field": "listName__name",
                            "operator": "eq",
                            "value": "TrafficLightProtocol"
                        }
                    ],
                    "sort": [
                        {
                            "field": "orderIndex",
                            "direction": "ASC"
                        }
                    ]
                },
                "displayConditions": {
                    "0472d368-bd15-4f52-a119-d403470cbe43": {
                        "visibility": "visible",
                        "conditions": null
                    },
                    "7bff95b7-6438-4b01-b23a-0fe8cb5b33d3": {
                        "visibility": "visible",
                        "conditions": null
                    },
                    "47004ad3-721e-43e0-b729-2ad8ee6441c0": {
                        "visibility": "visible",
                        "conditions": null
                    }
                }
            },
            "searchable": false,
            "peerReplicable": false,
            "system": false,
            "encrypted": false,
            "gridColumn": false,
            "collection": false,
            "inversedField": null,
            "ownsRelationship": false,
            "validation": {
                "required": false,
                "minlength": 0,
                "maxlength": 10485761,
                "_enableRange": false
            },
            "bulkAction": {
                "allow": true,
                "buttonText": "",
                "buttonIcon": "fa fa-lightbulb-o",
                "buttonClass": "btn btn-warning btn-sm"
            },
            "dataSourceFilters": null,
            "defaultValue": "\/api\/3\/picklists\/7bff95b7-6438-4b01-b23a-0fe8cb5b33d3",
            "tooltip": null,
            "visibility": true,
            "htmlEscape": null,
            "orphanRemoval": null,
            "readable": null,
            "writeable": true,
            "identifier": null,
            "unique": false,
            "recommend": false,
            "sattrib": "\/api\/3\/staging_model_metadatas\/67558c20-fe29-4789-b3f7-2e3c9e902c96",
            "uuid": "ca74f201-14ee-4ed0-854f-2591ce64bf35",
            "displayName": "{{ tlp }}",
            "descriptions": {
                "singular": "TLP"
            }
        },
        {
            "@id": "\/api\/3\/attribute_metadatas\/d88aeef6-784e-47a5-bd53-5c73382351da",
            "@type": "AttributeMetadata",
            "type": "integer",
            "name": "firstSeen",
            "length": 0,
            "orderIndex": 6,
            "formType": "datetime",
            "dataSource": [],
            "searchable": true,
            "peerReplicable": true,
            "system": false,
            "encrypted": false,
            "gridColumn": true,
            "collection": false,
            "inversedField": null,
            "ownsRelationship": false,
            "validation": {
                "_enableRange": false,
                "maxlength": 10485761,
                "minlength": 0,
                "required": false
            },
            "bulkAction": {
                "allow": false,
                "buttonClass": "btn btn-default btn-sm",
                "buttonIcon": "",
                "buttonText": ""
            },
            "dataSourceFilters": [],
            "defaultValue": null,
            "tooltip": "",
            "visibility": true,
            "htmlEscape": false,
            "orphanRemoval": false,
            "readable": true,
            "writeable": true,
            "identifier": false,
            "unique": false,
            "recommend": false,
            "sattrib": "\/api\/3\/staging_model_metadatas\/67558c20-fe29-4789-b3f7-2e3c9e902c96",
            "uuid": "d88aeef6-784e-47a5-bd53-5c73382351da",
            "displayName": "{{ firstSeen }}",
            "descriptions": {
                "singular": "First Seen"
            }
        },
        {
            "@id": "\/api\/3\/attribute_metadatas\/6500718e-0897-4419-a5f5-4ad6f313db84",
            "@type": "AttributeMetadata",
            "type": "picklists",
            "name": "indicatorStatus",
            "length": 0,
            "orderIndex": 7,
            "formType": "picklist",
            "dataSource": {
                "model": "picklists",
                "query": {
                    "filters": [
                        {
                            "field": "listName__name",
                            "operator": "eq",
                            "value": "IndicatorStatus"
                        }
                    ],
                    "logic": "AND",
                    "sort": [
                        {
                            "direction": "ASC",
                            "field": "orderIndex"
                        }
                    ]
                }
            },
            "searchable": false,
            "peerReplicable": true,
            "system": false,
            "encrypted": false,
            "gridColumn": true,
            "collection": false,
            "inversedField": null,
            "ownsRelationship": false,
            "validation": {
                "maxlength": 10485761,
                "minlength": 0,
                "required": false
            },
            "bulkAction": [],
            "dataSourceFilters": [],
            "defaultValue": "\/api\/3\/picklists\/2f5cff61-fbff-4bb3-96be-302b78a9fb47",
            "tooltip": "",
            "visibility": true,
            "htmlEscape": false,
            "orphanRemoval": false,
            "readable": true,
            "writeable": true,
            "identifier": false,
            "unique": false,
            "recommend": false,
            "sattrib": "\/api\/3\/staging_model_metadatas\/67558c20-fe29-4789-b3f7-2e3c9e902c96",
            "uuid": "6500718e-0897-4419-a5f5-4ad6f313db84",
            "displayName": "{{ indicatorStatus }}",
            "descriptions": {
                "singular": "Status"
            }
        },
        {
            "@id": "\/api\/3\/attribute_metadatas\/4453797a-f7d9-481e-8100-36c8b5c409bb",
            "@type": "AttributeMetadata",
            "type": "string",
            "name": "file",
            "length": null,
            "orderIndex": 10,
            "formType": "file",
            "dataSource": {
                "model": "files"
            },
            "searchable": false,
            "peerReplicable": true,
            "system": false,
            "encrypted": false,
            "gridColumn": true,
            "collection": false,
            "inversedField": null,
            "ownsRelationship": false,
            "validation": {
                "maxlength": -1,
                "minlength": 0,
                "required": false
            },
            "bulkAction": {
                "allow": false,
                "buttonClass": "btn btn-default btn-sm",
                "buttonIcon": "",
                "buttonText": ""
            },
            "dataSourceFilters": [],
            "defaultValue": "",
            "tooltip": "",
            "visibility": [
                {
                    "filters": [
                        {
                            "_value": {
                                "itemValue": "File"
                            },
                            "field": "typeofindicator",
                            "operator": "eq",
                            "type": "object",
                            "value": "\/api\/3\/picklists\/0162241b-f5bf-4917-a150-00e920be47bd"
                        }
                    ],
                    "limit": 30,
                    "logic": "AND"
                }
            ],
            "htmlEscape": false,
            "orphanRemoval": false,
            "readable": true,
            "writeable": true,
            "identifier": false,
            "unique": false,
            "recommend": false,
            "sattrib": "\/api\/3\/staging_model_metadatas\/67558c20-fe29-4789-b3f7-2e3c9e902c96",
            "uuid": "4453797a-f7d9-481e-8100-36c8b5c409bb",
            "displayName": "{{ file }}",
            "descriptions": {
                "singular": "File"
            }
        },
        {
            "@id": "\/api\/3\/attribute_metadatas\/22c553ba-4294-4174-9fdb-b171eaf29473",
            "@type": "AttributeMetadata",
            "type": "string",
            "name": "description",
            "length": null,
            "orderIndex": 15,
            "formType": "richtext",
            "dataSource": [],
            "searchable": false,
            "peerReplicable": true,
            "system": false,
            "encrypted": false,
            "gridColumn": false,
            "collection": false,
            "inversedField": null,
            "ownsRelationship": false,
            "validation": {
                "maxlength": -1,
                "minlength": 0,
                "required": false
            },
            "bulkAction": {
                "allow": false
            },
            "dataSourceFilters": [],
            "defaultValue": "",
            "tooltip": "",
            "visibility": true,
            "htmlEscape": false,
            "orphanRemoval": false,
            "readable": true,
            "writeable": true,
            "identifier": false,
            "unique": false,
            "recommend": false,
            "sattrib": "\/api\/3\/staging_model_metadatas\/67558c20-fe29-4789-b3f7-2e3c9e902c96",
            "uuid": "22c553ba-4294-4174-9fdb-b171eaf29473",
            "displayName": "{{ description }}",
            "descriptions": {
                "singular": "Description"
            }
        }
    ],
    "system": false,
    "module": "indicators",
    "uuid": "67558c20-fe29-4789-b3f7-2e3c9e902c96",
    "displayName": "{{ value }}",
    "descriptions": {
        "plural": "Indicators",
        "singular": "Indicator"
    }
}